D:\Myfaces\face16_10.jpg;15083216
D:\Myfaces\face16_10.jpg;15083217
D:\Myfaces\face16_10.jpg;15083218
D:\Myfaces\face16_10.jpg;15083219
D:\Myfaces\face16_10.jpg;15083220
D:\Myfaces\face16_10.jpg;15083221
D:\Myfaces\face16_10.jpg;15083222
D:\Myfaces\face16_10.jpg;15083223
D:\Myfaces\face16_10.jpg;15083224
D:\Myfaces\face16_10.jpg;15083225
D:\Myfaces\face16_10.jpg;15083226
D:\Myfaces\face16_10.jpg;15083227
D:\Myfaces\face16_10.jpg;15083228
D:\Myfaces\face16_10.jpg;15083229
D:\Myfaces\face16_10.jpg;15083230
D:\Myfaces\face16_10.jpg;15083231
D:\Myfaces\face16_10.jpg;15083232
D:\Myfaces\face16_10.jpg;15083233
D:\Myfaces\face16_10.jpg;15083234
D:\Myfaces\face16_10.jpg;15083235
D:\Myfaces\face16_10.jpg;15083236
D:\Myfaces\face16_10.jpg;15083237
D:\Myfaces\face16_10.jpg;15083238
D:\Myfaces\face16_10.jpg;15083239
D:\Myfaces\face16_10.jpg;15083240
D:\Myfaces\face16_10.jpg;15083241
D:\Myfaces\face16_10.jpg;15083242
D:\Myfaces\face16_10.jpg;15083243
D:\Myfaces\face16_10.jpg;15083244
D:\Myfaces\face16_10.jpg;15083245
D:\Myfaces\face16_10.jpg;15083246
D:\Myfaces\face16_10.jpg;15083247
D:\Myfaces\face16_10.jpg;15083248
D:\Myfaces\face16_10.jpg;15083249
D:\Myfaces\face16_10.jpg;15083250
D:\Myfaces\face16_10.jpg;15083251
D:\Myfaces\face16_10.jpg;15083252
D:\Myfaces\face16_10.jpg;15083253
D:\Myfaces\face16_10.jpg;15083254
D:\Myfaces\face16_10.jpg;15083255
D:\Myfaces\face16_10.jpg;15083256
D:\Myfaces\face16_10.jpg;15083257
D:\Myfaces\face16_10.jpg;15083258
D:\Myfaces\face16_10.jpg;15083259
D:\Myfaces\face16_10.jpg;15083260
D:\Myfaces\face16_10.jpg;15083261
D:\Myfaces\face16_10.jpg;15083262
